;Volumenes;Capitulos;Status;AÃ±o;Generos;Temas;Demografia;Editorial;Autor;Lectores
0; Unknown; Unknown; Publishing; Aug  25, 1989 to ?;['Action', 'Adventure', 'Award Winning', 'Drama', 'Fantasy', 'Horror'];['Gore', 'Military', 'Psychological'];['Seinen'];"
Young Animal";"
Miura, Kentarou (Story & Art), Studio Gaga (Art)"; 753,701
1; 24; 96; Finished; Jan  19, 2004 to Apr  19, 2011;['Action', 'Adventure', 'Mystery', 'Supernatural'];['Historical'];['Seinen', 'Shounen'];"
Ultra Jump";"
Araki, Hirohiko (Story & Art)"; 296,398
2; 37; 327; On Hiatus; Sep  3, 1998 to May  21, 2015;['Action', 'Adventure', 'Award Winning'];['Historical', 'Samurai'];['Seinen'];"
Morning";"
Inoue, Takehiko (Story & Art), Yoshikawa, Eiji (Story)"; 427,229
3; Unknown; Unknown; Publishing; Jul  22, 1997 to ?;['Action', 'Adventure', 'Fantasy'];;['Shounen'];"
Shounen Jump (Weekly)";"
Oda, Eiichiro (Story & Art)"; 664,863
4; 18; 162; Finished; Dec  5, 1994 to Dec  20, 2001;['Award Winning', 'Drama', 'Mystery'];['Adult Cast', 'Psychological'];['Seinen'];"
Big Comic Original";"
Urasawa, Naoki (Story & Art)"; 272,221
5; 31; 276; Finished; Sep  18, 1990 to Jun  4, 1996;['Award Winning', 'Sports'];['School', 'Team Sports'];['Shounen'];"
Shounen Jump (Weekly)";"
Inoue, Takehiko (Story & Art)"; 189,592
6; Unknown; Unknown; Publishing; Apr  13, 2005 to ?;['Action', 'Adventure', 'Award Winning', 'Drama'];['Historical'];['Seinen'];"
Afternoon";"
Yukimura, Makoto (Story & Art)"; 335,110
7; 27; 116; Finished; Jul  12, 2001 to Sep  11, 2010;['Action', 'Adventure', 'Award Winning', 'Drama', 'Fantasy'];['Military'];['Shounen'];"
Shounen Gangan";"
Arakawa, Hiromu (Story & Art)"; 311,511
8; Unknown; Unknown; Publishing; Apr  7, 2014 to ?;['Comedy'];;['Seinen'];"
good! Afternoon";"
Inoue, Kenji (Story), Yoshioka, Kimitake (Art)"; 190,799
9; Unknown; Unknown; Publishing; Jan  26, 2006 to ?;['Action', 'Award Winning'];['Historical', 'Military'];['Seinen'];"
Young Jump";"
Hara, Yasuhisa (Story & Art)"; 188,737
10; 13; 147; Finished; Mar  15, 2007 to Nov  2, 2013;['Drama', 'Slice of Life'];['Psychological'];['Seinen'];"
Big Comic Spirits";"
Asano, Inio (Story & Art)"; 487,704
11; 13; 108; Finished; Oct  25, 2012 to Apr  25, 2024;['Action', 'Drama', 'Fantasy'];['Anthropomorphic'];['Seinen'];"
Afternoon";"
Ichikawa, Haruko (Story & Art)"; 155,876
12; Unknown; Unknown; Publishing; Oct  28, 1999 to ?;['Award Winning', 'Drama', 'Sports'];['Psychological', 'Team Sports'];['Seinen'];"
Young Jump";"
Inoue, Takehiko (Story & Art)"; 101,909
13; 22; 249; Finished; Sep  27, 1999 to Apr  24, 2006;['Award Winning', 'Drama', 'Mystery', 'Sci-Fi'];['Historical', 'Psychological'];['Seinen'];"
Big Comic Spirits";"
Urasawa, Naoki (Story & Art)"; 290,902
14; 20; 171; Finished; Jan  1, 1968 to May  13, 1973;['Drama', 'Slice of Life', 'Sports'];['Combat Sports'];['Shounen'];"
Shounen Magazine (Weekly)";"
Kajiwara, Ikki (Story), Chiba, Tetsuya (Art)"; 61,446
15; Unknown; Unknown; Publishing; Mar  21, 2003 to ?;['Award Winning', 'Comedy', 'Slice of Life'];['Childcare', 'Iyashikei'];;"
Dengeki Daioh";"
Azuma, Kiyohiko (Story & Art)"; 170,559
16; 9; 42; Finished; Jan  21, 2012 to Jun  22, 2015;['Drama', 'Fantasy', 'Mystery', 'Supernatural'];;['Shounen'];"
Gangan Joker";"
Natsumi, Kei (Art), Ryukishi07 (Story)"; 22,431
17; 28; 281; Finished; May  19, 2015 to Nov  2, 2022;['Award Winning', 'Comedy', 'Romance'];['School'];['Seinen'];"
Young Jump";"
Akasaka, Aka (Story & Art)"; 289,958
18; 25; 208; Finished; Dec  11, 1996 to Jan  30, 2002;['Action', 'Award Winning', 'Comedy', 'Drama', 'Ecchi'];['Delinquents', 'School', 'Workplace'];['Shounen'];"
Shounen Magazine (Weekly)";"
Fujisawa, Tooru (Story & Art)"; 182,714
19; 45; 407; Finished; Feb  20, 2012 to Jul  20, 2020;['Award Winning', 'Sports'];['School', 'Team Sports'];['Shounen'];"
Shounen Jump (Weekly)";"
Furudate, Haruichi (Story & Art)"; 233,898
20; Unknown; Unknown; Publishing; Jul  13, 2007 to ?;['Award Winning', 'Drama', 'Slice of Life'];['Childcare', 'Iyashikei', 'Strategy Game'];['Seinen'];"
Young Animal";"
Umino, Chica (Story & Art)"; 76,220
21; Unknown; Unknown; Publishing; Apr  28, 2020 to ?;['Adventure', 'Award Winning', 'Drama', 'Fantasy'];;['Shounen'];"
Shounen Sunday";"
Yamada, Kanehito (Story), Abe, Tsukasa (Art)"; 151,524
22; 7; 64; Finished; Aug  7, 2013 to Nov  19, 2014;['Award Winning', 'Drama'];;['Shounen'];"
Shounen Magazine (Weekly)";"
Ooima, Yoshitoki (Story & Art)"; 283,349
23; Unknown; Unknown; Publishing; Aug  5, 2009 to ?;['Adventure', 'Fantasy', 'Romance'];;['Shoujo'];"
Hana to Yume";"
Kusanagi, Mizuho (Story & Art)"; 146,127
24; Unknown; Unknown; Publishing; Oct  21, 2021 to ?;['Drama', 'Romance'];['School'];;"
Magazine pocket";"
Mikami, Saka (Story & Art)"; 103,488
25; 21; 84; On Hiatus; May  26, 2000 to May  26, 2009;['Award Winning', 'Drama', 'Romance'];['Adult Cast', 'Love Polygon', 'Music'];['Shoujo'];"
Cookie";"
Yazawa, Ai (Story & Art)"; 160,686
26; 7; 59; Finished; Oct  9, 1982 to Feb  10, 1994;['Action', 'Adventure', 'Award Winning', 'Fantasy'];;;"
Animage";"
Miyazaki, Hayao (Story & Art)"; 65,309
27; 17; 170; Finished; Nov  1, 2007 to Oct  27, 2011;['Award Winning', 'Drama', 'Sports'];['Psychological'];['Seinen'];"
Young Jump";"
Sakamoto, Shinichi (Story & Art)"; 131,940
28; 14; 102; Finished; Feb  15, 2014 to Sep  15, 2023;['Award Winning', 'Comedy', 'Fantasy', 'Gourmet'];;['Seinen'];"
Harta";"
Kui, Ryouko (Story & Art)"; 99,678
29; 3; 18; Finished; Aug  10, 2016 to Oct  25, 2017;['Drama'];;['Shounen'];"
Shounen Jump+";"
Taguchi, Shouichi (Art), Miaki, Sugaru (Story)"; 181,469
30; Unknown; Unknown; Publishing; Mar  3, 1998 to ?;['Action', 'Adventure', 'Fantasy'];;['Shounen'];"
Shounen Jump (Weekly)";"
Togashi, Yoshihiro (Story & Art)"; 297,150
31; Unknown; Unknown; Publishing; Sep  27, 1989 to ?;['Award Winning', 'Sports'];['Combat Sports'];['Shounen'];"
Shounen Magazine (Weekly)";"
Morikawa, George (Story & Art)"; 96,474
32; Unknown; Unknown; Publishing; Dec  6, 2007 to ?;['Award Winning', 'Drama', 'Sci-Fi'];['Adult Cast', 'Space', 'Workplace'];['Seinen'];"
Morning";"
Koyama, Chuuya (Story & Art)"; 40,801
33; Unknown; Unknown; Publishing; Oct  20, 2012 to ?;['Adventure', 'Drama', 'Fantasy', 'Sci-Fi'];;;"
Web Comic Gamma";"
Tsukushi, Akihito (Story & Art)"; 174,957
34; 6; 47; Finished; Feb  21, 2014 to Jan  12, 2018;['Adventure', 'Award Winning', 'Slice of Life'];['Iyashikei'];;"
Kurage Bunch";"
Tsukumizu (Story & Art)"; 80,916
35; Unknown; Unknown; Publishing; Jun  14, 2012 to ?;['Action', 'Comedy'];['Parody', 'Super Power'];['Seinen'];"
Tonari no Young Jump";"
Murata, Yusuke (Art), ONE (Story)"; 509,833
36; Unknown; Unknown; Publishing; Nov  15, 2019 to ?;['Romance', 'Slice of Life'];['Historical'];;"
    None";"
Fukuda, Ikumi (Story & Art)"; 21,085
37; Unknown; Unknown; Publishing; Aug  4, 2012 to ?;['Drama'];['Music', 'School'];['Shounen'];"
Jump SQ.";"
Sakura, Amyuu (Story & Art)"; 49,392
38; 10; 50; Finished; Oct  8, 1999 to Aug  25, 2008;['Award Winning', 'Fantasy', 'Mystery', 'Supernatural'];['Adult Cast', 'Historical', 'Iyashikei'];['Seinen'];"
Afternoon";"
Urushibara, Yuki (Story & Art)"; 91,796
39; 12; 108; Finished; Dec  1, 2003 to May  15, 2006;['Supernatural', 'Suspense'];['Psychological'];['Shounen'];"
Shounen Jump (Weekly)";"
Obata, Takeshi (Art), Ohba, Tsugumi (Story)"; 415,663
40; 34; 103; Finished; Feb  17, 2000 to Jun  5, 2008;['Award Winning', 'Drama', 'Romance'];['Music'];['Shounen'];"
Shounen Magazine (Monthly)";"
Sakuishi, Harold (Story & Art)"; 87,584
41; Unknown; Unknown; Publishing; Dec  3, 2018 to ?;['Action', 'Award Winning', 'Fantasy'];['Gore', 'Urban Fantasy'];['Shounen'];"
Shounen Jump+";"
Fujimoto, Tatsuki (Story & Art)"; 672,894
42; Unknown; Unknown; Publishing; May  25, 2020 to ?;['Award Winning', 'Drama', 'Sports'];;['Seinen'];"
Afternoon";"
Tsurumaikada (Story & Art)"; 19,489
43; 23; 190; Finished; Nov  30, 2000 to Sep  12, 2018;['Action', 'Comedy', 'Fantasy', 'Horror'];['Gore'];['Seinen'];"
Gessan";"
Hayashida, Q (Story & Art)"; 192,883
44; 6; 120; Finished; Dec  6, 1982 to Jun  11, 1990;['Action', 'Award Winning', 'Sci-Fi'];['Gore'];['Seinen'];"
Young Magazine (Weekly)";"
Otomo, Katsuhiro (Story & Art)"; 142,131
45; Unknown; Unknown; Publishing; Jun  10, 2003 to ?;['Drama', 'Supernatural'];['Iyashikei'];['Shoujo'];"
LaLa";"
Midorikawa, Yuki (Story & Art)"; 48,468
46; Unknown; Unknown; Publishing; Jul  22, 2016 to ?;['Fantasy'];;['Seinen'];"
Morning Two";"
Shirahama, Kamome (Story & Art)"; 113,484
47; Unknown; Unknown; Publishing; May  25, 2017 to ?;['Drama', 'Mystery'];['Historical', 'Medical'];['Seinen'];"
Big Gangan";"
Hyuuga, Natsu (Story), Nekokurage (Art)"; 81,423
48; 8; 50; Finished; Apr  27, 2015 to Sep  27, 2019;['Drama', 'Girls Love'];['School'];;"
Dengeki Daioh";"
Nakatani, Nio (Story & Art)"; 116,185
49; 4; 22; Finished; Dec  26, 2019 to Jan  26, 2022;['Action', 'Mystery', 'Supernatural'];['Detective'];['Shounen'];"
Shounen Ace";"
Asagiri, Kafka (Story), Hoshikawa, Shiwasu (Art)"; 19,978
50; 6; 32; Finished; May  18, 2020 to Jan  18, 2024;['Girls Love'];['School'];;"
Comic Yuri Hime";"
Yuama (Story & Art)"; 25,515
51; 14; 142; Finished; Apr  25, 1994 to Feb  25, 2006;['Award Winning', 'Sci-Fi', 'Slice of Life'];['Iyashikei'];['Seinen'];"
Afternoon";"
Ashinano, Hitoshi (Story & Art)"; 81,714
52; 77; 709; Finished; Dec  8, 2003 to Jun  20, 2019;['Action', 'Comedy', 'Sci-Fi'];['Gag Humor', 'Historical', 'Parody', 'Samurai'];['Shounen'];"
Shounen Jump (Weekly)";"
Sorachi, Hideaki (Story & Art)"; 100,987
53; 1; Unknown; Finished; Apr  11, 2022;['Drama'];;['Shounen'];"
Shounen Jump+";"
Fujimoto, Tatsuki (Story & Art)"; 143,822
54; 15; 238; Finished; Oct  12, 2013 to Mar  16, 2018;['Comedy', 'Drama', 'Romance', 'Slice of Life'];['School'];;"
comico";"
Yayoi, Sou (Story & Art)"; 170,788
55; 31; 314; Finished; Aug  21, 2014 to Apr  28, 2022;['Action', 'Adventure', 'Award Winning'];['Historical'];['Seinen'];"
Young Jump";"
Noda, Satoru (Story & Art)"; 103,156
56; 28; 142; Finished; Sep  1970 to Apr  1976;['Action'];['Historical', 'Samurai'];['Seinen'];"
Manga Action";"
Koike, Kazuo (Story), Kojima, Goseki (Art)"; 51,440
57; 9; 48; Finished; Apr  13, 2011 to Mar  12, 2015;['Drama', 'Mystery', 'Supernatural', 'Suspense'];['Psychological'];['Shounen'];"
Shounen Gangan";"
Mizuno, Eita (Art), Ryukishi07 (Story)"; 16,665
58; Unknown; Unknown; Publishing; Jan  5, 2015 to ?;['Award Winning', 'Sports'];['Team Sports'];['Seinen'];"
Big Comic Spirits";"
Kobayashi, Yuugo (Story & Art), Ueno, Naohiko (Story)"; 38,663
59; 8; 65; Finished; Sep  9, 2003 to Apr  1, 2009;['Action', 'Award Winning', 'Mystery', 'Sci-Fi', 'Suspense'];['Detective', 'Psychological'];['Seinen'];"
Big Comic Original";"
Urasawa, Naoki (Story & Art), Tezuka, Osamu (Story)"; 132,383
60; 12; 67; Finished; Feb  28, 2002 to Feb  29, 2008;['Sci-Fi', 'Slice of Life'];['Iyashikei'];['Shounen'];"
Comic Blade";"
Amano, Kozue (Story & Art)"; 42,756
61; 49; 541; Finished; May  11, 2006 to Dec  21, 2017;['Action'];['High Stakes Game', 'Psychological', 'Strategy Game'];['Seinen'];"
Young Jump";"
Sako, Toshio (Story & Art)"; 48,762
62; 16; 109; Finished; Apr  18, 2012 to Dec  22, 2017;['Action', 'Award Winning', 'Comedy', 'Supernatural'];['Super Power'];;"
MangaONE";"
ONE (Story & Art)"; 125,094
63; Unknown; Unknown; Publishing; Jun  24, 2017 to ?;['Award Winning', 'Drama'];['School', 'Visual Arts'];['Seinen'];"
Afternoon";"
Yamaguchi, Tsubasa (Story & Art)"; 136,783
64; 19; 110; Finished; Apr  13, 1985 to Mar  12, 1994;['Action', 'Adventure', 'Drama', 'Suspense'];['Delinquents', 'Organized Crime', 'Psychological'];['Shoujo'];"
Betsucomi";"
Yoshida, Akimi (Story & Art)"; 63,038
65; Unknown; Unknown; Publishing; Aug  25, 2018 to ?;['Award Winning', 'Drama'];['School'];['Seinen'];"
Afternoon";"
Takamatsu, Misaki (Story & Art)"; 47,504
66; 4; 26; Finished; Oct  20, 2017 to Sep  20, 2019;['Romance'];;;"
Gene pixiv";"
Morinaga, Miku (Story & Art)"; 32,520
67; 11; 44; Finished; Apr  6, 2011 to Feb  6, 2015;['Award Winning', 'Drama', 'Romance'];['Music', 'School'];['Shounen'];"
Shounen Magazine (Monthly)";"
Arakawa, Naoshi (Story & Art)"; 85,060
68; 14; 97; Finished; Dec  26, 1994 to Jun  4, 2013;['Action', 'Drama', 'Mystery', 'Sci-Fi', 'Suspense'];['Mecha', 'Psychological'];['Seinen', 'Shounen'];"
Young Ace";"
Sadamoto, Yoshiyuki (Story & Art)"; 121,480
69; 16; 155; Finished; Jun  3, 2013 to Aug  21, 2017;['Drama'];['Adult Cast', 'High Stakes Game', 'Psychological', 'Strategy Game'];['Seinen'];"
Young Magazine (Weekly)";"
Fukumoto, Nobuyuki (Story & Art)"; 11,258
70; 18; 174; Finished; Apr  21, 1992 to Nov  21, 1995;['Action', 'Supernatural'];;['Shounen'];"
Shounen Jump (Weekly)";"
Araki, Hirohiko (Story & Art)"; 109,603
71; 50; 252; Finished; Dec  28, 2007 to Aug  1, 2022;['Award Winning', 'Drama'];['Love Polygon', 'Strategy Game'];['Josei'];"
Be-Love";"
Suetsugu, Yuki (Story & Art)"; 51,690
72; 24; 107; Finished; May  18, 2006 to Mar  18, 2015;['Adventure', 'Fantasy', 'Mystery'];;['Shounen'];"
GFantasy";"
Mochizuki, Jun (Story & Art)"; 184,646
73; Unknown; Unknown; Publishing; Oct  14, 2008 to ?;['Award Winning', 'Romance'];['Historical'];['Seinen'];"
Aokishi";"
Mori, Kaoru (Story & Art)"; 78,033
74; Unknown; Unknown; Publishing; Feb  15, 2002 to ?;['Comedy', 'Drama', 'Romance'];['Love Polygon', 'Showbiz'];['Shoujo'];"
Hana to Yume";"
Nakamura, Yoshiki (Story & Art)"; 94,560
75; 20; 165; Finished; Oct  16, 2008 to Aug  18, 2016;['Drama', 'Mystery', 'Supernatural'];['Detective', 'Historical', 'Psychological'];['Seinen'];"
Morning";"
Urasawa, Naoki (Story & Art), Nagasaki, Takashi (Story)"; 79,002
76; 34; 309; Finished; Aug  19, 2015 to Oct  26, 2022;['Sports'];['School', 'Team Sports'];['Shounen'];"
Shounen Magazine (Weekly)";"
Terajima, Yuuji (Story & Art)"; 18,950
77; Unknown; Unknown; Publishing; Dec  18, 2014 to ?;['Supernatural'];['School'];['Shounen'];"
GFantasy";"
Aida, Iro (Story & Art)"; 123,598
78; 34; 141; Finished; Sep  9, 2009 to Apr  9, 2021;['Action', 'Award Winning', 'Drama', 'Suspense'];['Gore', 'Military', 'Survival'];['Shounen'];"
Bessatsu Shounen Magazine";"
Isayama, Hajime (Story & Art)"; 677,084
79; 22; 240; Finished; Nov  1, 2014 to Nov  18, 2019;['Award Winning', 'Comedy', 'Suspense'];['Adult Cast', 'Organized Crime'];['Seinen'];"
Young Magazine (Weekly)";"
Minami, Katsuhisa (Story & Art)"; 58,949
80; 28; 259; Finished; Apr  12, 1994 to Sep  21, 1999;['Action', 'Drama'];['Historical', 'Samurai'];['Shounen'];"
Shounen Jump (Weekly)";"
Watsuki, Nobuhiro (Story & Art)"; 102,271
81; 16; 19; Finished; Dec  20, 1966 to Feb  1988;['Drama', 'Fantasy', 'Romance', 'Sci-Fi', 'Supernatural'];['Historical', 'Psychological', 'Space'];['Shounen'];"
Manga Shounen";"
Tezuka, Osamu (Story & Art)"; 25,474
82; 25; 154; Finished; Feb  20, 2008 to May  20, 2016;['Comedy', 'Fantasy', 'Romance', 'Supernatural'];['Mythology'];['Shoujo'];"
Hana to Yume";"
Suzuki, Julietta (Story & Art)"; 93,783
83; 14; 144; Finished; Sep  8, 2011 to Sep  18, 2014;['Action', 'Fantasy', 'Horror'];['Gore', 'Psychological', 'Urban Fantasy'];['Seinen'];"
Young Jump";"
Ishida, Sui (Story & Art)"; 536,417
84; Unknown; Unknown; Publishing; Feb  26, 2016 to ?;['Boys Love'];['Otaku Culture', 'School'];;"
Gene pixiv";"
Harusono, Shou (Story & Art)"; 40,308
85; 23; 136; Finished; Jul  18, 1998 to Nov  20, 2006;['Award Winning', 'Drama', 'Romance', 'Supernatural'];['Love Polygon', 'School'];['Shoujo'];"
Hana to Yume";"
Takaya, Natsuki (Story & Art)"; 148,675
86; 5; 55; Finished;  1996 to  1997;['Drama', 'Sports'];;['Seinen'];"
Big Comic Spirits";"
Matsumoto, Taiyou (Story & Art)"; 24,092
87; 20; 175; Finished; Nov  14, 1998 to Aug  15, 2006;['Sports'];['Adult Cast', 'Psychological', 'Team Sports'];['Seinen'];"
Business Jump";"
Kaitani, Shinobu (Story & Art)"; 38,037
88; Unknown; Unknown; Publishing; Apr  26, 2021 to ?;['Slice of Life'];;['Seinen'];"
Big Comic Spirits";"
Shinzou, Keigo (Story & Art)"; 20,629
89; 6; 27; Finished; Oct  22, 2010 to Nov  22, 2012;['Drama', 'Fantasy', 'Horror', 'Mystery', 'Supernatural', 'Suspense'];['Psychological'];['Shounen'];"
Gangan Joker";"
Ryukishi07 (Story), Akitaka (Art)"; 17,239
90; 5; 34; Finished; Nov  28, 2011 to Jan  28, 2015;['Award Winning', 'Slice of Life'];['Memoir', 'Otaku Culture', 'Visual Arts'];['Josei'];"
Cocohana";"
Higashimura, Akiko (Story & Art)"; 29,270
91; 18; 87; Finished; Jul  24, 2002 to Sep  24, 2010;['Comedy', 'Drama', 'Romance'];['Crossdressing', 'Reverse Harem', 'School'];['Shoujo'];"
LaLa";"
Hatori, Bisco (Story & Art)"; 133,084
92; 24; 112; Finished; Jun  25, 2001 to Jun  26, 2014;['Action', 'Award Winning', 'Drama', 'Sci-Fi'];['Mecha', 'Military', 'Space'];['Shounen'];"
Gundam Ace";"
Yasuhiko, Yoshikazu (Story & Art), Tomino, Yoshiyuki (Story)"; 17,898
93; 1; 8; Finished; Mar  28, 2008 to Aug  22, 2008;['Drama', 'Romance'];['Music', 'Psychological'];['Seinen'];"
Comic Bunch";"
Yumeka, Sumomo (Art)"; 120,595
94; 9; 58; Finished; Apr  30, 2013 to Mar  30, 2023;['Boys Love', 'Drama'];['Music', 'School'];;"
Cheri+";"
Kizu, Natsuki (Story & Art)"; 67,595
95; 10; 80; Finished; May  10, 2013 to Aug  25, 2016;['Award Winning'];['Music'];['Seinen'];"
Big Comic";"
Ishizuka, Shinichi (Story & Art)"; 25,422
96; 22; 193; Finished; Mar  14, 2018 to Mar  15, 2023;['Action', 'Comedy', 'Drama', 'Mystery', 'Romance', 'Supernatural'];['Vampire'];['Shounen'];"
Shounen Magazine (Weekly)";"
Oh! Great (Art), NISIO, ISIN (Story)"; 42,437
97; Unknown; Unknown; Publishing; Jul  24, 2019 to ?;['Romance'];['Adult Cast'];['Shoujo'];"
Dessert";"
Morishita, Suu (Story & Art)"; 57,395
98; 9; 45; Finished; Sep  28, 2007 to Jan  28, 2012;['Award Winning', 'Drama', 'Romance'];['Love Polygon', 'Music', 'School'];['Josei'];"
Flowers (Monthly)";"
Kodama, Yuki (Story & Art)"; 32,739
99; 2; 10; Finished; Aug  25, 2016 to May  25, 2017;['Drama', 'Romance'];;;"
Monthly Action";"
Kirihara, Idumi (Art), Sumino, Yoru (Story)"; 48,871
100; Unknown; Unknown; Publishing; Mar  25, 2019 to ?;['Action', 'Comedy'];['Childcare'];['Shounen'];"
Shounen Jump+";"
Endou, Tatsuya (Story & Art)"; 321,851
101; Unknown; Unknown; Publishing; Dec  4, 2012 to ?;['Action', 'Mystery', 'Supernatural'];['Detective'];['Seinen'];"
Young Ace";"
Asagiri, Kafka (Story), Harukawa35 (Art)"; 98,408
102; 6; 45; Finished; May  30, 2012 to Mar  30, 2016;['Action', 'Adventure', 'Comedy', 'Drama', 'Romance', 'Supernatural'];['Reincarnation'];['Seinen'];"
Young King OURs";"
Mizukami, Satoshi (Story & Art)"; 48,148
103; 27; 110; Finished; May  19, 2011 to Aug  19, 2021;['Action', 'Adventure', 'Award Winning', 'Mystery', 'Supernatural'];;['Seinen'];"
Ultra Jump";"
Araki, Hirohiko (Story & Art)"; 163,045
104; Unknown; 21; Finished;  2004;['Comedy', 'Drama', 'Romance', 'Slice of Life'];;;"
    None";"
Yokota, Takuma (Story & Art)"; 49,776
105; Unknown; Unknown; Publishing; Aug  1, 2018 to ?;['Award Winning', 'Sports'];['Team Sports'];['Shounen'];"
Shounen Magazine (Weekly)";"
Kaneshiro, Muneyuki (Story), Nomura, Yuusuke (Art)"; 200,738
106; 5; 49; Finished; Jan  26, 2019 to Nov  27, 2023;['Slice of Life'];['School'];;"
Comic Cune";"
Tsukumizu (Story & Art)"; 24,146
107; Unknown; Unknown; Publishing; Dec  22, 2015 to ?;['Fantasy'];['Historical', 'Urban Fantasy', 'Vampire'];['Shounen'];"
Gangan Joker";"
Mochizuki, Jun (Story & Art)"; 71,173
108; 6; 26; Finished; Nov  22, 2014 to May  24, 2017;['Romance', 'Supernatural'];;['Shoujo'];"
Dessert";"
Morino, Megumi (Story & Art)"; 39,683
109; 2; 12; Finished; Feb  28, 2018 to Sep  16, 2020;['Boys Love', 'Drama', 'Slice of Life'];;;"
Opera";"
Nakamura, Asumiko (Story & Art)"; 9,945
110; 19; 117; Finished; Jun  15, 2010 to Jul  15, 2020;['Comedy', 'Supernatural'];['Childcare', 'Organized Crime'];['Seinen'];"
Harta";"
Ohtake, Masao (Story & Art)"; 58,185
111; 4; 23; Finished; Mar  6, 2015 to May  23, 2018;['Drama', 'Slice of Life'];['Psychological'];['Seinen'];"
HiBaNa";"
Kamatani, Yuuki (Story & Art)"; 66,585
112; 37; 333; Finished; Jul  23, 2002 to Jun  15, 2009;['Sports'];['Team Sports'];['Shounen'];"
Shounen Jump (Weekly)";"
Inagaki, Riichiro (Story), Murata, Yusuke (Art)"; 80,506
113; 17; 170; Finished; Sep  2, 2005 to Feb  17, 2010;['Award Winning', 'Comedy', 'Drama', 'Romance', 'Sports'];['School', 'Team Sports'];['Shounen'];"
Shounen Sunday";"
Adachi, Mitsuru (Story & Art)"; 23,791
114; 26; 271; Finished; Apr  9, 2008 to Apr  23, 2014;['Comedy', 'Fantasy', 'Romance', 'Supernatural'];['Harem', 'Otaku Culture', 'School'];['Shounen'];"
Shounen Sunday";"
Wakaki, Tamiki (Story & Art)"; 113,115
115; Unknown; Unknown; Publishing; Apr  6, 2021 to ?;['Action', 'Comedy', 'Supernatural'];;['Shounen'];"
Shounen Jump+";"
Tatsu, Yukinobu (Story & Art)"; 187,659
116; 16; 108; Finished; Sep  27, 2007 to Dec  27, 2017;['Adventure', 'Drama', 'Fantasy', 'Romance', 'Supernatural'];['Adult Cast', 'Historical'];['Seinen'];"
Dengeki Maoh";"
Koume, Keito (Art), Hasekura, Isuna (Story)"; 44,390
117; 22; 235; Finished; Nov  21, 2002 to Jan  4, 2010;['Award Winning', 'Drama'];['Delinquents', 'Historical', 'Psychological'];['Seinen'];"
Young Sunday (Weekly)";"
Abe, George (Story), Kakizaki, Masasumi (Art)"; 39,772
118; Unknown; Unknown; Publishing; Aug  4, 2016 to ?;['Mystery', 'Suspense'];['Adult Cast', 'Historical', 'Psychological'];['Shounen'];"
Jump SQ.";"
Takeuchi, Ryousuke (Story), Miyoshi, Hikaru (Art)"; 40,337
119; Unknown; Unknown; Publishing; Jun  11, 2020 to ?;['Drama', 'Slice of Life', 'Sports'];;['Seinen'];"
Young Jump";"
Kuzumi, Taiyou (Art)"; 4,598
120; 6; 26; Finished; Nov  18, 2010 to Nov  17, 2012;['Drama', 'Horror', 'Mystery', 'Supernatural'];;['Shounen'];"
GFantasy";"
Ryukishi07 (Story), Momoyama, Hinase (Art)"; 15,103
121; Unknown; Unknown; Publishing; Apr  19, 2023 to ?;['Girls Love'];['Music'];;"
    None";"
Arai, Sumiko (Story & Art)"; 42,493
122; 42; 520; Finished; Nov  20, 1984 to May  23, 1995;['Action', 'Adventure', 'Fantasy'];['Martial Arts'];['Shounen'];"
Shounen Jump (Weekly)";"
Toriyama, Akira (Story & Art)"; 174,193
123; 45; 821; Finished; Dec  1969 to  1996;['Adventure', 'Award Winning', 'Comedy', 'Sci-Fi', 'Slice of Life'];['Anthropomorphic', 'School'];['Kids', 'Shounen'];"
    None";"
Fujiko, Fujio F. (Story & Art)"; 17,286
124; 18; 182; Finished; Oct  13, 2000 to May  23, 2008;['Action'];['Delinquents', 'Martial Arts', 'Psychological'];['Seinen'];"
Young Animal";"
Mori, Kouji (Story & Art)"; 93,300
125; 38; 366; Finished;  1988 to Oct  1997;['Action', 'Comedy'];['Delinquents', 'School'];['Shounen'];"
Shounen Sunday";"
Nishimori, Hiroyuki (Story & Art)"; 23,082
126; 2; 16; Finished; Dec  25, 2006 to Jul  14, 2007;['Award Winning', 'Drama', 'Mystery', 'Sci-Fi'];['Psychological'];['Seinen'];"
Big Comic Spirits";"
Urasawa, Naoki (Story & Art)"; 103,516
127; 49; Unknown; On Hiatus; Jan  1976 to May  26, 2012;['Drama', 'Romance'];['Performing Arts', 'Showbiz'];['Shoujo'];"
Bessatsu Hana to Yume";"
Miuchi, Suzue (Story & Art)"; 13,335
128; 20; 150; Finished; Feb  22, 2008 to Jul  12, 2023;['Comedy', 'Slice of Life'];['Childcare', 'Iyashikei', 'Visual Arts'];['Shounen'];"
Shounen Gangan";"
Yoshino, Satsuki (Story & Art)"; 44,427
129; Unknown; Unknown; Publishing; Mar  15, 2019 to ?;['Boys Love', 'Slice of Life'];['School'];['Josei'];"
Comic Gene";"
Harusono, Shou (Story & Art)"; 12,212
130; Unknown; Unknown; Publishing; Aug  25, 2011 to ?;['Comedy', 'Romance'];['Otaku Culture', 'School'];;"
Gangan Online";"
Tsubaki, Izumi (Story & Art)"; 84,020
131; Unknown; Unknown; Publishing; Oct  25, 2013 to ?;['Comedy', 'Supernatural'];['Music', 'School'];['Seinen'];"
Big Gangan";"
Osada, Yu-Ko (Story & Art), Machida, Kazuya (Story & Art)"; 21,728
132; Unknown; Unknown; Publishing; Sep  20, 2023 to ?;['Comedy', 'Romance'];['Harem', 'School', 'Showbiz'];['Shounen'];"
Shounen Magazine (Weekly)";"
Igarashi, Masakuni (Story & Art)"; 17,364
133; 13; 158; Finished; Feb  10, 1996 to Jul  26, 1999;['Award Winning', 'Drama'];['Adult Cast', 'High Stakes Game', 'Strategy Game'];['Seinen'];"
Young Magazine (Weekly)";"
Fukumoto, Nobuyuki (Story & Art)"; 22,963
134; 30; 207; Finished; Jun  25, 1993 to Dec  25, 2012;['Action', 'Adventure', 'Drama', 'Supernatural'];['Historical', 'Martial Arts', 'Samurai'];['Seinen'];"
Afternoon";"
Samura, Hiroaki (Story & Art)"; 87,648
135; Unknown; Unknown; Publishing; Sep  16, 2006 to ?;['Action', 'Fantasy', 'Mystery', 'Supernatural'];['Historical', 'Mythology'];['Shounen'];"
GFantasy";"
Toboso, Yana (Story & Art)"; 166,102
136; 17; 139; Finished; Oct  18, 2011 to Mar  18, 2021;['Romance'];['School'];['Shounen'];"
GFantasy";"
Hagiwara, Daisuke (Art), HERO (Story)"; 349,296
137; 1; Unknown; Finished; Jul  19, 2021;['Drama'];;['Shounen'];"
Shounen Jump+";"
Fujimoto, Tatsuki (Story & Art)"; 115,061
138; 25; 150; Finished; Jul  10, 2001 to Aug  25, 2010;['Award Winning', 'Comedy', 'Romance', 'Slice of Life'];['Adult Cast', 'Music'];['Josei'];"
Kiss";"
Ninomiya, Tomoko (Story & Art)"; 29,245
139; 27; 112; Finished; Aug  11, 1990 to May  13, 1998;['Adventure', 'Award Winning', 'Drama', 'Fantasy', 'Romance'];;['Shoujo'];"
Betsucomi";"
Tamura, Yumi (Story & Art)"; 26,565
140; 13; 134; Finished; Nov  2000 to Apr  2004;['Drama'];['Adult Cast', 'High Stakes Game', 'Strategy Game'];;"
Young Magazine (Weekly)";"
Fukumoto, Nobuyuki (Story & Art)"; 12,657
141; Unknown; Unknown; Publishing; May  23, 2015 to ?;['Slice of Life'];['CGDCT', 'Iyashikei'];;"
Manga Time Kirara Forward";"
Afro (Story & Art)"; 21,118
142; Unknown; Unknown; Publishing; Nov  7, 2017 to ?;['Fantasy'];;['Seinen'];"
good! Afternoon";"
Izumi, Mitsu (Story & Art)"; 23,762
143; 14; 125; Finished; May  20, 2019 to Aug  21, 2023;['Romance'];['School'];['Seinen'];"
Big Comic Spirits";"
Ojiro, Makoto (Story & Art)"; 54,815
144; 11; 56; Finished; Jun  8, 2017 to Jun  8, 2023;['Drama'];;['Josei'];"
Feel Young";"
Yamashita, Tomoko (Story & Art)"; 9,079
145; 4; 31; Finished; Sep  2007 to Mar  2008;['Drama'];['Psychological', 'School'];;"
    None";"
Yokota, Takuma (Art), Ise, Katsura (Story)"; 147,180
146; 12; 88; Finished; May  20, 2015 to Jan  8, 2020;['Award Winning', 'Drama'];['Historical'];['Seinen'];"
Grand Jump";"
Sakamoto, Shinichi (Story & Art)"; 33,393
147; 3; 9; Finished; May  27, 2016 to Jan  27, 2017;['Drama'];;['Seinen'];"
Comic Alive";"
Shinkai, Makoto (Story), Kotone, Ranmaru (Art)"; 94,680
148; Unknown; Unknown; Publishing; Jun  12, 2021 to ?;['Drama', 'Girls Love'];['School'];;"
Comic Days";"
Kuzushiro (Story & Art)"; 8,896
149; 9; 53; Finished; Nov  1990 to Mar  1995;['Action', 'Sci-Fi'];;['Seinen'];"
Business Jump";"
Kishiro, Yukito (Story & Art)"; 88,679
150; 18; 98; Finished; Dec  24, 2005 to Sep  24, 2013;['Comedy', 'Romance'];['School'];['Shoujo'];"
LaLa";"
Fujiwara, Hiro (Story & Art)"; 170,322
151; Unknown; Unknown; Publishing; Jun  26, 2006 to ?;['Comedy'];['Gag Humor', 'School'];['Shounen'];"
Shounen Ace";"
Arawi, Keiichi (Story & Art)"; 42,817
152; 5; 44; Finished; Jun  2, 2006 to Sep  3, 2010;['Drama', 'Slice of Life'];['Childcare'];['Seinen'];"
Comic Bunch";"
Yumeka, Sumomo (Story & Art)"; 35,379
153; 18; 87; Finished; Nov  25, 2010 to Mar  2, 2016;['Action', 'Horror', 'Supernatural'];['Gore', 'High Stakes Game', 'Psychological', 'Survival'];['Shounen'];"
Shounen Sunday Super";"
Aso, Haro (Story & Art)"; 89,379
154; 26; 130; Finished; Dec  9, 2013 to Aug  8, 2024;['Suspense'];['High Stakes Game', 'Psychological', 'Strategy Game'];['Shounen'];"
Bessatsu Shounen Magazine";"
Yamaguchi, Mikoto (Story), Satou, Yuuki (Art)"; 86,827
155; Unknown; Unknown; Publishing; Mar  26, 2015 to ?;['Award Winning', 'Fantasy'];['Isekai', 'Reincarnation'];['Shounen'];"
Shounen Sirius";"
Kawakami, Taiki (Art), Fuse (Story)"; 140,431
156; 3; 12; Finished; Sep  23, 2017 to Aug  25, 2018;['Drama'];;;"
Monthly Action";"
Kirihara, Idumi (Art), Sumino, Yoru (Story)"; 25,325
157; 19; 213; Finished; Feb  24, 2003 to Feb  9, 2011;['Comedy', 'Drama', 'Mystery', 'Supernatural'];;['Seinen'];"
Young Magazine (Weekly)";"
CLAMP (Story & Art)"; 88,616
158; 4; 69; Finished; Jan  18, 1999 to Mar  21, 2002;['Comedy', 'Slice of Life'];['CGDCT', 'School'];;"
Dengeki Daioh";"
Azuma, Kiyohiko (Story & Art)"; 58,214
159; 12; 50; Finished; May  2, 1996 to Jul  3, 2000;['Adventure', 'Award Winning', 'Comedy', 'Fantasy', 'Romance'];['Mahou Shoujo'];['Shoujo'];"
Nakayoshi";"
CLAMP (Story & Art)"; 68,057
160; 10; 64; Finished; Nov  22, 1989 to Dec  23, 1995;['Action', 'Award Winning', 'Horror', 'Sci-Fi'];['Gore', 'Psychological'];['Seinen'];"
Afternoon";"
Iwaaki, Hitoshi (Story & Art)"; 108,180
161; 32; 288; Finished; Jul  14, 2007 to Jul  8, 2013;['Award Winning', 'Comedy', 'Drama'];['School'];['Shounen'];"
Shounen Jump (Weekly)";"
Shinohara, Kenta (Story & Art)"; 34,900
162; 20; 176; Finished; Aug  11, 2008 to Apr  23, 2012;['Comedy', 'Drama', 'Romance'];['Otaku Culture'];['Shounen'];"
Shounen Jump (Weekly)";"
Obata, Takeshi (Art), Ohba, Tsugumi (Story)"; 180,995
163; Unknown; Unknown; Publishing; Oct  5, 2023 to ?;['Action', 'Drama', 'Girls Love', 'Supernatural'];['Reincarnation'];['Seinen'];"
Comic Flapper";"
inee (Story & Art)"; 10,590
164; Unknown; Unknown; Publishing; Sep  6, 2018 to ?;['Fantasy', 'Mystery'];;['Seinen'];"
Young Jump";"
Soumatou (Story & Art)"; 46,774
165; 1; 7; Finished; Sep  19, 2020 to Feb  27, 2021;['Boys Love', 'Drama'];;;"
Canna Comics";"
Yatsuda, Teki (Story & Art)"; 5,316
166; 27; 109; Finished; Dec  6, 2010 to Jan  6, 2024;['Action', 'Fantasy'];['Mythology'];['Shounen'];"
Shounen Magazine (Monthly)";"
Adachitoka (Story & Art)"; 192,331
167; 9; 49; Finished; Jun  4, 2012 to Nov  4, 2016;['Mystery', 'Supernatural'];['Psychological', 'Time Travel'];['Seinen'];"
Young Ace";"
Sanbe, Kei (Story & Art)"; 92,172
168; 5; 22; Finished; Sep  19, 2009 to Jun  22, 2011;['Drama', 'Horror', 'Mystery'];['Psychological'];['Shounen'];"
Gangan Joker";"
Natsumi, Kei (Art), Ryukishi07 (Story)"; 17,627
169; 1; 6; Finished; Aug  20, 2021 to Aug  19, 2022;['Boys Love', 'Drama'];;;"
from RED";"
Mori, Moyori (Story & Art)"; 6,088
170; 11; 105; Finished; Apr  30, 2015 to Jul  16, 2021;['Comedy', 'Romance'];['Adult Cast', 'Otaku Culture', 'Workplace'];;"
Comic POOL";"
Fujita (Story & Art)"; 143,799
171; Unknown; Unknown; Publishing; Nov  5, 2011 to ?;['Comedy', 'Drama', 'Romance', 'Sports'];['Performing Arts', 'School'];['Shounen'];"
Shounen Magazine (Monthly)";"
Takeuchi, Tomo (Story & Art)"; 42,230
172; Unknown; Unknown; Publishing; Jan  19, 2011 to ?;['Comedy'];['CGDCT', 'Iyashikei', 'Workplace'];;"
Manga Time Kirara MAX";"
Koi (Story & Art)"; 7,914
173; 9; 39; Finished; Jun  13, 2019 to Jun  13, 2022;['Award Winning', 'Boys Love', 'Comedy', 'Romance'];['School'];['Shoujo'];"
Bessatsu Margaret";"
Aruko (Art), Hinekure, Wataru (Story)"; 21,475
174; 4; 24; Finished; Sep  26, 2022 to Aug  26, 2024;['Action', 'Supernatural'];;['Shounen'];"
Shounen Ace";"
Asagiri, Kafka (Story), Hoshikawa, Shiwasu (Art)"; 2,596
175; 10; 82; Finished; May  6, 1972 to Dec  8, 1973;['Drama', 'Romance'];['Historical', 'Military'];['Shoujo'];"
Margaret";"
Ikeda, Riyoko (Story & Art)"; 20,651
176; 33; 323; Finished; Jan  10, 2001 to Dec  26, 2007;['Action', 'Adventure', 'Award Winning', 'Comedy', 'Supernatural'];;['Shounen'];"
Shounen Sunday";"
Raiku, Makoto (Story & Art)"; 35,430
177; 14; 57; Finished; Sep  24, 1991 to Jan  24, 2003;['Adventure', 'Award Winning', 'Fantasy', 'Romance'];['Isekai', 'Mythology'];['Shoujo'];"
LaLa";"
Hikawa, Kyouko (Story & Art)"; 17,262
178; 15; 166; Finished; Mar  17, 2003 to Feb  21, 2011;['Drama', 'Horror', 'Mystery', 'Supernatural'];['Psychological'];['Seinen'];"
Big Comic Spirits";"
Yamamoto, Hideo (Story & Art)"; 156,152
179; 10; 54; Finished; May  22, 1973 to Sep  10, 1974;['Drama'];['Historical'];['Shounen'];"
Shounen Jump (Weekly)";"
Nakazawa, Keiji (Story & Art)"; 13,151
180; 18; 164; Finished; Aug  1989 to Apr  2002;['Drama'];['Adult Cast', 'Strategy Game'];;"
Kindai Mahjong Gold";"
Fukumoto, Nobuyuki (Story & Art)"; 7,112
181; Unknown; Unknown; Publishing; Mar  2, 2017 to ?;['Comedy', 'Fantasy'];;['Shounen'];"
Shounen Champion (Weekly)";"
Nishi, Osamu (Story & Art)"; 65,946
182; 15; 131; Finished; Apr  6, 2011 to Nov  27, 2019;['Award Winning', 'Comedy', 'Drama'];['School'];['Shounen'];"
Shounen Sunday";"
Arakawa, Hiromu (Story & Art)"; 44,466
183; Unknown; Unknown; Publishing; Apr  26, 2016 to ?;['Action', 'Fantasy'];['Isekai', 'Military', 'Reincarnation'];;"
Comp Ace";"
Toujou, Chika (Art), Zen, Carlo (Story)"; 30,971
184; Unknown; Unknown; Publishing; Nov  30, 2013 to ?;['Drama', 'Fantasy', 'Romance'];['Mythology', 'Urban Fantasy'];['Shounen'];"
Comic Growl";"
Yamazaki, Kore (Story & Art)"; 95,677
185; Unknown; Unknown; Publishing; Feb  17, 2023 to ?;['Action', 'Adventure', 'Supernatural'];;['Seinen'];"
Ultra Jump";"
Araki, Hirohiko (Story & Art)"; 47,565
186; Unknown; Unknown; Publishing; Jun  3, 2022 to ?;['Action', 'Fantasy'];['Military'];['Shounen'];"
Jump SQ.";"
Toumori, Higoro (Art), Sora, Mozuku (Story)"; 10,232
187; Unknown; Unknown; Publishing; Aug  1, 2023 to ?;['Romance'];['Love Status Quo', 'School'];['Seinen'];"
Manga Action";"
Matsuda, Mai (Story & Art)"; 7,732
188; 17; 68; Finished; Aug  13, 2001 to Aug  13, 2007;['Award Winning', 'Comedy', 'Drama', 'Romance'];['School'];['Shoujo'];"
Bessatsu Margaret";"
Nakahara, Aya (Story & Art)"; 67,089
189; 31; 183; Finished; Sep  5, 2002 to Jun  20, 2013;['Comedy', 'Drama', 'Romance'];['Love Polygon', 'School', 'Super Power'];['Shoujo'];"
Hana to Yume";"
Higuchi, Tachibana (Story & Art)"; 44,537
190; 19; 90; Finished; Apr  9, 2005 to Sep  9, 2013;['Action', 'Romance'];['Mecha', 'Military'];['Shounen'];"
Dragon Age";"
Gatou, Shouji (Story), Ueda, Hiroshi (Art)"; 13,177
191; 26; 242; Finished; Aug  5, 1998 to Nov  5, 2015;['Award Winning', 'Drama'];['Music'];['Seinen'];"
Morning";"
Isshiki, Makoto (Story & Art)"; 16,982
192; 7; 28; Finished; Mar  13, 2015 to Apr  13, 2018;['Award Winning', 'Romance'];['School'];['Shoujo'];"
Bessatsu Margaret";"
Andou, Yuki (Story & Art)"; 32,635
193; 11; 53; Finished; Sep  5, 2015 to Mar  5, 2021;['Fantasy'];;['Shounen'];"
Comic Garden";"
Nagabe (Story & Art)"; 84,762
194; 11; 88; Finished; Sep  10, 2016 to Apr  25, 2020;;['Music'];['Seinen'];"
Big Comic";"
Ishizuka, Shinichi (Story & Art)"; 6,297
195; Unknown; Unknown; Publishing; Jul  26, 2022 to ?;['Fantasy'];['Isekai'];['Seinen'];"
Dokodemo Young Champion";"
Hinoura, Takumi (Story), Nimori, Shimatsukasa (Art)"; 13,388
196; Unknown; Unknown; Publishing; Dec  20, 2019 to ?;['Action', 'Comedy', 'Fantasy', 'Supernatural'];;;"
TYPE-MOON Comic Ace";"
Keikenchi (Story), Hirano, Ryouji (Art)"; 16,693
197; 1; 2; Finished; Nov  25, 2013 to Dec  25, 2013;['Fantasy', 'Mystery', 'Supernatural'];['Historical', 'Iyashikei'];['Seinen'];"
Afternoon";"
Urushibara, Yuki (Story & Art)"; 6,549
198; 16; 181; Finished; Oct  16, 2014 to Jul  5, 2018;['Action', 'Fantasy', 'Horror'];['Gore', 'Psychological', 'Urban Fantasy'];['Seinen'];"
Young Jump";"
Ishida, Sui (Story & Art)"; 305,416
199; 26; 290; Finished; May  14, 2012 to Jul  26, 2018;['Comedy', 'Supernatural'];['Gag Humor', 'School', 'Super Power'];['Shounen'];"
Shounen Jump (Weekly)";"
Asou, Shuuichi (Story & Art)"; 36,078
200; 3; 16; Finished; Apr  4, 2012 to Aug  3, 2013;['Drama', 'Fantasy', 'Romance', 'Slice of Life'];['Childcare'];['Seinen'];"
Young Ace";"
Hosoda, Mamoru (Story), Yuu (Art)"; 26,461
201; 15; 59; Finished; Jan  13, 1996 to Nov  13, 2000;['Drama', 'Romance'];['Psychological'];['Shoujo'];"
Bessatsu Friend";"
Souryo, Fuyumi (Story & Art)"; 37,445
202; 17; 76; Finished; Mar  19, 2001 to Aug  18, 2007;['Action', 'Adventure', 'Drama', 'Fantasy', 'Supernatural'];['Historical'];['Seinen'];"
Sunday Gene-X";"
Yoon, In-Wan (Story), Yang, Kyung-il (Art)"; 36,422
203; 26; 257; Finished; Aug  5, 1981 to Nov  12, 1986;['Award Winning', 'Comedy', 'Drama', 'Romance', 'Sports'];['Love Polygon', 'School', 'Team Sports'];['Shounen'];"
Shounen Sunday";"
Adachi, Mitsuru (Story & Art)"; 15,470
204; 11; 90; Finished; Jan  2003 to Sep  2006;['Action', 'Comedy', 'Drama', 'Suspense'];['Delinquents', 'Psychological'];['Seinen'];"
Big Comic Original";"
Fukumoto, Nobuyuki (Story & Art)"; 28,209
205; 10; 65; Finished; Jun  30, 2005 to Aug  30, 2010;['Action', 'Supernatural', 'Suspense'];['Psychological'];['Seinen'];"
Young King OURs GH";"
Mizukami, Satoshi (Story & Art)"; 61,439
206; 24; 126; Finished; Jan  1980 to Mar  2004;['Adventure', 'Comedy', 'Fantasy', 'Sci-Fi', 'Slice of Life'];;['Kids'];"
CoroCoro Comic";"
Fujiko, Fujio F. (Story & Art)"; 4,867
207; 25; 243; Finished; Nov  19, 1973 to Oct  14, 1983;['Award Winning', 'Drama'];['Medical'];['Shounen'];"
Shounen Champion (Weekly)";"
Tezuka, Osamu (Story & Art)"; 24,790
208; 30; 125; Finished; Aug  11, 2005 to Nov  13, 2017;['Award Winning', 'Romance', 'Slice of Life'];['School'];['Shoujo'];"
Bessatsu Margaret";"
Shiina, Karuho (Story & Art)"; 127,561
209; 8; 84; Finished; Aug  7, 2006 to Mar  15, 2010;['Award Winning', 'Slice of Life'];['Historical', 'Martial Arts', 'Samurai'];['Seinen'];"
Big Comic Spirits";"
Matsumoto, Taiyou (Art), Eifuku, Issei (Story)"; 15,794
210; Unknown; Unknown; Publishing; Dec  19, 2017 to ?;['Comedy'];['CGDCT', 'Music'];;"
Manga Time Kirara MAX";"
Hamaji, Aki (Story & Art)"; 27,275
211; Unknown; Unknown; Publishing; Apr  12, 2021 to ?;['Romance', 'Sports'];['School', 'Team Sports'];['Shounen'];"
Shounen Jump (Weekly)";"
Miura, Kouji (Story & Art)"; 89,296
212; Unknown; Unknown; Publishing; Jun  12, 2017 to ?;['Slice of Life'];['Pets'];;"
Gangan pixiv";"
Sakurai, Umi (Story & Art)"; 23,673
213; 28; 233; Finished; May  21, 2003 to Oct  7, 2009;['Action', 'Adventure', 'Drama', 'Fantasy'];;['Shounen'];"
Shounen Magazine (Weekly)";"
CLAMP (Story & Art)"; 83,158
214; 10; 54; Finished; Jul  2, 1994 to Oct  3, 1998;['Award Winning', 'Comedy', 'Drama', 'Romance', 'Slice of Life'];['Love Polygon', 'School', 'Showbiz'];['Shoujo'];"
Ribon Magazine";"
Obana, Miho (Story & Art)"; 24,222
215; 5; 48; Finished; Mar  23, 1999 to Mar  22, 2003;['Drama', 'Romance'];['School', 'Visual Arts'];['Josei'];"
Zipper";"
Yazawa, Ai (Story & Art)"; 57,537
216; 10; 66; Finished; Jan  25, 1997 to Jul  25, 2003;['Action', 'Drama', 'Horror', 'Sci-Fi'];['Psychological'];['Seinen'];"
Afternoon";"
Nihei, Tsutomu (Story & Art)"; 168,684
217; Unknown; Unknown; Publishing; Apr  19, 2002 to ?;['Action', 'Drama'];['Adult Cast', 'Military', 'Organized Crime'];['Seinen'];"
Sunday Gene-X";"
Hiroe, Rei (Story & Art)"; 58,954
218; 1; 6; Finished; Jul  25, 2006 to Jul  27, 2007;['Boys Love', 'Slice of Life'];['School'];;"
Opera";"
Nakamura, Asumiko (Story & Art)"; 42,235
219; 17; 111; Finished; Apr  15, 2008 to Jul  18, 2015;['Romance'];['Childcare'];['Shoujo'];"
Hana to Yume";"
Kouchi, Kaede (Story & Art)"; 61,411
220; 6; 29; Finished; Oct  1, 2009 to Feb  2, 2012;['Drama', 'Horror', 'Mystery'];['Mythology', 'Psychological'];;"
Gangan Online";"
Ryukishi07 (Story), Souichirou (Art)"; 16,529
221; Unknown; Unknown; Publishing; Nov  19, 2021 to ?;['Drama'];['Villainess'];;"
Comic Lake";"
Shiraume, Nazuna (Art), Makiburo (Story)"; 9,336
222; Unknown; Unknown; Publishing; Jun  28, 2012 to ?;['Boys Love', 'Drama', 'Slice of Life'];;;"
Opera";"
Ishie, Hachi (Story & Art)"; 12,000
223; Unknown; Unknown; Publishing; Jul  25, 2014 to ?;['Boys Love', 'Slice of Life'];;;"
onBLUE";"
Kii, Kanna (Story & Art)"; 23,694
224; 7; 97; Finished; Feb  4, 2011 to Nov  5, 2018;['Comedy', 'Slice of Life'];['Childcare'];;"
Manga Club";"
Koike, Sadaji (Story & Art)"; 9,117
225; Unknown; Unknown; Publishing; Nov  9, 2016 to ?;['Adventure', 'Award Winning', 'Drama', 'Supernatural'];;['Shounen'];"
Shounen Magazine (Weekly)";"
Ooima, Yoshitoki (Story & Art)"; 109,302
226; Unknown; Unknown; Publishing; Oct  26, 2016 to ?;['Drama'];['School'];['Seinen'];"
Grand Jump Premium";"
Amase, Shiori (Story & Art)"; 30,363
227; 10; 31; Finished; Mar  25, 2010 to Jun  7, 2016;['Award Winning', 'Drama'];['Adult Cast', 'Love Polygon', 'Performing Arts'];['Josei'];"
ITAN";"
Kumota, Haruko (Story & Art)"; 10,620
228; 7; 38; Finished; Mar  13, 2012 to Apr  8, 2022;['Drama', 'Romance', 'Sci-Fi'];['Love Polygon', 'School', 'Time Travel'];['Shoujo'];"
Monthly Action";"
Takano, Ichigo (Story & Art)"; 165,332
229; Unknown; Unknown; Publishing; May  31, 2004 to ?;['Action', 'Adventure', 'Fantasy'];['Urban Fantasy'];['Shounen'];"
Jump SQ.Rise";"
Hoshino, Katsura (Story & Art)"; 165,774
230; 28; 96; Finished; Jan  5, 1995 to Jun  5, 2002;['Action', 'Adventure', 'Award Winning', 'Drama', 'Fantasy', 'Romance', 'Supernatural'];['Historical', 'Time Travel'];['Shoujo'];"
Sho-Comi";"
Shinohara, Chie (Story & Art)"; 25,956
231; 10; 92; Finished; Apr  30, 1997 to Sep  30, 2008;['Action', 'Horror', 'Supernatural'];['Adult Cast', 'Gore', 'Historical', 'Vampire'];['Seinen'];"
Young King OURs";"
Hirano, Kouta (Story & Art)"; 102,295
232; 27; 159; Finished; Jun  6, 2001 to Oct  4, 2014;['Action', 'Adventure', 'Fantasy', 'Horror'];['Gore'];['Shounen'];"
Jump SQ.";"
Yagi, Norihiro (Story & Art)"; 214,374
233; 19; 111; Finished; Dec  25, 1996 to Apr  25, 2002;['Action', 'Comedy', 'Drama', 'Romance'];['Crossdressing', 'Organized Crime'];['Shoujo'];"
Hana to Yume";"
Nakamura, Yoshiki (Story & Art)"; 19,501
234; 15; 89; Finished; May  7, 1992 to Feb  5, 2000;['Action', 'Comedy', 'Romance'];['Delinquents', 'Martial Arts', 'School'];['Shounen'];"
Shounen Jump (Monthly)";"
Yagi, Norihiro (Story & Art)"; 60,429
235; Unknown; Unknown; Publishing; Jan  5, 1994 to ?;['Adventure', 'Award Winning', 'Comedy', 'Mystery'];['Detective'];['Shounen'];"
Shounen Sunday";"
Aoyama, Gosho (Story & Art)"; 63,007
236; 14; 66; Finished; Sep  1972 to Nov  1983;['Drama', 'Supernatural'];['Historical'];;"
Comic Tom (Monthly)";"
Tezuka, Osamu (Story & Art)"; 17,710
237; 4; 21; Finished; Jun  26, 2006 to Feb  26, 2008;['Drama', 'Horror', 'Mystery'];['Psychological'];['Shounen'];"
Gangan Wing";"
Houjou, Yutori (Art), Ryukishi07 (Story)"; 17,284
238; 26; 82; Finished; Mar  24, 1997 to May  20, 2005;['Boys Love', 'Comedy', 'Drama'];;['Shoujo'];"
Ichiraci";"
Abe, Miyuki (Story & Art)"; 8,614
239; 10; 60; Finished; Oct  20, 2007 to Nov  20, 2010;['Fantasy', 'Romance'];['Historical', 'Mythology'];['Shoujo'];"
Hana to Yume";"
Oto, Hisamu (Story & Art)"; 45,391
240; 6; 25; Finished; Jun  18, 2008 to Jun  18, 2010;['Drama', 'Horror', 'Mystery'];['Psychological'];;"
GFantasy";"
Ryukishi07 (Story), Momoyama, Hinase (Art)"; 12,483
241; Unknown; Unknown; Publishing; Sep  24, 2009 to ?;['Comedy', 'Slice of Life'];['Childcare', 'Iyashikei', 'School'];['Shoujo'];"
LaLa";"
Tokeino, Hari (Story & Art)"; 26,126
242; 23; 148; Finished; Aug  20, 1996 to Aug  20, 2004;['Comedy', 'Drama', 'Romance'];['Crossdressing', 'Love Polygon', 'School'];['Shoujo'];"
Hana to Yume";"
Nakajo, Hisaya (Story & Art)"; 37,965
243; 14; 102; Finished; Sep  30, 1997 to Mar  30, 2007;['Action', 'Adventure', 'Award Winning', 'Comedy', 'Drama', 'Sci-Fi'];['Adult Cast'];['Seinen'];"
Young King OURs";"
Nightow, Yasuhiro (Story & Art)"; 32,185
244; 25; 223; Finished; Sep  21, 2006 to Apr  7, 2011;['Action', 'Adventure'];;['Shounen'];"
Shounen Champion (Weekly)";"
Kurumada, Masami (Story), Teshirogi, Shiori (Story & Art)"; 17,837
245; 4; 16; Finished; Jun  22, 2006 to Apr  22, 2008;['Drama', 'Horror', 'Mystery'];['Psychological'];;"
Gangan Powered";"
Suzuragi, Karin (Art), Ryukishi07 (Story)"; 14,232
246; 1; 5; Finished; Mar  28, 2012 to Jul  28, 2012;['Drama', 'Romance', 'Slice of Life'];['Historical', 'Music'];['Josei'];"
Flowers (Monthly)";"
Kodama, Yuki (Story & Art)"; 7,116
247; Unknown; Unknown; Publishing; Dec  22, 2015 to ?;['Comedy', 'Slice of Life', 'Supernatural'];;;"
Young Ace UP";"
Kanai, Neco (Story & Art)"; 7,973
248; 16; 80; Finished; May  12, 2007 to Dec  24, 2013;['Comedy', 'Drama', 'Romance'];;['Shoujo'];"
Betsucomi";"
Motomi, Kyousuke (Story & Art)"; 120,298
249; 37; 369; Finished; Jun  3, 2009 to Oct  11, 2017;['Adventure', 'Award Winning', 'Fantasy'];;['Shounen'];"
Shounen Sunday";"
Ohtaka, Shinobu (Story & Art)"; 157,672
250; 27; 256; Finished; Apr  18, 2012 to Aug  23, 2018;['Action'];['Martial Arts'];;"
Ura Sunday";"
Daromeon (Art), Sandrovich, Yabako (Story)"; 62,647
251; 9; 45; Finished; Oct  25, 2004 to Dec  25, 2008;['Drama'];['Psychological', 'School'];['Seinen'];"
Ikki";"
Mizutani, Osamu (Story), Tsuchida, Seiki (Art)"; 16,797
252; 1; 7; Finished; Jul  16, 2021 to Jan  7, 2022;['Boys Love'];;;"
Canna Comics";"
Serizawa, Tomo (Story & Art)"; 4,731
253; Unknown; Unknown; Publishing; Sep  12, 2023 to ?;['Fantasy'];['Organized Crime'];['Shounen'];"
Bessatsu Shounen Champion";"
hiroja (Story & Art)"; 2,732
254; 1; 7; Finished; Oct  28, 2017 to Aug  28, 2018;['Boys Love', 'Drama'];['School'];;"
Canna";"
Eguchi, Kousei (Story & Art)"; 29,062
255; Unknown; Unknown; Publishing; Mar  8, 2018 to ?;['Comedy', 'Romance'];['School'];['Shounen'];"
Manga Cross";"
Sakurai, Norio (Story & Art)"; 61,065
256; Unknown; Unknown; Publishing; Dec  26, 2018 to ?;['Action', 'Comedy', 'Fantasy'];['Isekai', 'Reincarnation'];;"
Comp Ace";"
Sakano, Anri (Art), Aizawa, Daisuke (Story)"; 82,165
257; 10; 71; Finished; Apr  24, 2000 to Jul  28, 2006;['Award Winning', 'Comedy', 'Drama', 'Romance', 'Slice of Life'];['Love Polygon', 'Visual Arts'];['Josei'];"
Young You";"
Umino, Chica (Story & Art)"; 26,225
258; 4; 35; Finished; May  18, 1999 to May  16, 2009;['Action', 'Adventure', 'Fantasy'];;;"
GFantasy";"
Minekura, Kazuya (Story & Art)"; 12,161
259; 19; 203; Finished; Feb  17, 2005 to Jan  22, 2015;['Drama'];['High Stakes Game', 'Psychological', 'Strategy Game'];['Seinen'];"
Young Jump";"
Kaitani, Shinobu (Story & Art)"; 120,138
260; 15; 92; Finished; Sep  28, 2000 to Apr  3, 2009;['Award Winning', 'Drama', 'Slice of Life'];['Childcare', 'Psychological'];['Josei'];"
For Mrs.";"
Tobe, Keiko (Story & Art)"; 6,601
261; 11; 111; Finished; Jul  27, 2007 to Jun  28, 2013;['Drama'];['Psychological'];['Seinen'];"
Big Comic Superior";"
Arai, Hideki (Story & Art)"; 3,046
262; 16; 121; Finished; Jul  9, 2015 to Sep  4, 2019;['Action', 'Comedy', 'Romance'];['School'];['Shounen'];"
Shounen Magazine (Weekly)";"
Kaneda, Yousuke (Story & Art)"; 64,869
263; 17; 93; Finished; Oct  25, 2008 to Aug  25, 2017;['Award Winning', 'Comedy'];['Crossdressing', 'Visual Arts'];['Josei'];"
Kiss";"
Higashimura, Akiko (Story & Art)"; 45,402
264; 6; 37; Finished; Dec  25, 2010 to Jul  27, 2015;['Award Winning', 'Drama'];;['Seinen'];"
Ikki";"
Matsumoto, Taiyou (Story & Art)"; 23,383
265; 21; 187; Finished; Jul  2, 2012 to Apr  25, 2016;['Action', 'Comedy'];['School'];['Shounen'];"
Shounen Jump (Weekly)";"
Matsui, Yuusei (Story & Art)"; 163,108
266; 48; 724; Finished; Jun  26, 1995 to Jul  29, 2013;['Action', 'Drama'];['Racing'];['Seinen'];"
Young Magazine (Weekly)";"
Shigeno, Shuuichi (Story & Art)"; 32,593
267; 4; 27; Finished; Jan  14, 1999 to Jan  8, 2004;['Award Winning', 'Drama', 'Sci-Fi', 'Slice of Life'];['Adult Cast', 'Psychological', 'Space', 'Workplace'];['Seinen'];"
Morning";"
Yukimura, Makoto (Story & Art)"; 59,917
268; 17; 158; Finished; Dec  7, 1999 to Apr  8, 2003;['Action', 'Adventure'];;['Shounen'];"
Shounen Jump (Weekly)";"
Araki, Hirohiko (Story & Art)"; 211,162
269; 5; 47; Finished; Feb  1, 2000 to Mar  1, 2003;['Adventure', 'Award Winning', 'Drama', 'Mystery', 'Sports'];;['Seinen'];"
Business Jump";"
Yumemakura, Baku (Story), Taniguchi, Jiro (Art)"; 17,523
270; Unknown; Unknown; Publishing; Feb  21, 2007 to ?;['Action', 'Comedy', 'Sci-Fi'];['Super Power'];;"
Dengeki Daioh";"
Kamachi, Kazuma (Story), Fuyukawa, Motoi (Art)"; 30,814
271; 30; 272; Finished; Mar  5, 2018 to Sep  30, 2024;['Action', 'Supernatural'];['School'];['Shounen'];"
Shounen Jump (Weekly)";"
Akutami, Gege (Story & Art)"; 472,891
272; 5; 42; Finished; Jul  4, 2015 to Sep  4, 2017;['Comedy', 'Romance', 'Slice of Life'];['Historical'];['Shounen'];"
Jump SQ.";"
Kirioka, Sana (Story & Art)"; 26,728
273; 1; 7; Finished; Nov  8, 2013 to Apr  24, 2018;['Comedy', 'Romance'];['School'];['Shoujo'];"
LaLa DX";"
Fujiwara, Hiro (Story & Art)"; 18,551
274; Unknown; Unknown; Publishing; Aug  31, 2021 to ?;['Horror', 'Mystery', 'Supernatural'];;;"
Young Ace UP";"
Mokumokuren (Story & Art)"; 54,386
275; 10; 41; Finished;  1995 to  1998;['Comedy', 'Fantasy', 'Horror', 'Mystery', 'Supernatural'];;['Josei'];"
Horror M";"
Akino, Matsuri (Story & Art)"; 36,252
276; 31; 267; Finished; Sep  26, 1990 to Sep  18, 1996;['Action', 'Comedy', 'Drama', 'Romance'];['Delinquents', 'School'];['Shounen'];"
Shounen Magazine (Weekly)";"
Fujisawa, Tooru (Story & Art)"; 23,956
277; 24; 233; Finished; Feb  3, 1998 to Aug  25, 2003;['Comedy', 'Drama', 'Slice of Life', 'Sports'];['Delinquents', 'School', 'Team Sports'];['Shounen'];"
Shounen Jump (Weekly)";"
Morita, Masanori (Story & Art)"; 25,982
278; 47; 418; Finished; May  17, 2006 to Jul  15, 2015;['Award Winning', 'Sports'];['School', 'Team Sports'];['Shounen'];"
Shounen Magazine (Weekly)";"
Terajima, Yuuji (Story & Art)"; 26,093
279; Unknown; Unknown; Publishing; Jun  18, 2008 to ?;['Comedy', 'Girls Love'];['CGDCT', 'Gag Humor', 'School'];;"
Comic Yuri Hime";"
Namori (Story & Art)"; 16,421
280; 9; 35; Finished; Jan  28, 2011 to Nov  28, 2013;['Action', 'Drama', 'Mystery', 'Sci-Fi'];;['Shoujo'];"
ARIA";"
Asano, Atsuko (Story), Kino, Hinoki (Art)"; 50,926
281; 7; 138; Finished; May  21, 2009 to Sep  27, 2012;['Comedy'];['Gag Humor', 'School'];;"
Gangan Online";"
Yamauchi, Yasunobu (Story & Art)"; 27,025
282; 4; 19; Finished; May  19, 2012 to Jan  18, 2014;['Adventure', 'Sci-Fi'];;['Seinen'];"
Ultra Jump";"
Nitroplus (Story), Nariie, Shinichirou (Art)"; 5,162
283; Unknown; Unknown; Publishing; May  22, 2013 to ?;['Boys Love', 'Drama', 'Slice of Life'];['School'];;"
RuTile";"
Tagura, Tohru (Story & Art)"; 15,919
284; 22; 196; Finished; Sep  8, 2016 to Oct  8, 2020;['Award Winning', 'Drama', 'Slice of Life'];['Anthropomorphic', 'Psychological'];['Shounen'];"
Shounen Champion (Weekly)";"
Itagaki, Paru (Story & Art)"; 118,482
285; 3; 19; Finished; Oct  22, 2016 to Dec  27, 2019;['Boys Love', 'Slice of Life'];;;"
Canna";"
Fumino, Yuki (Story & Art)"; 8,544
286; 12; 123; Discontinued; Jan  22, 2018 to Aug  11, 2020;['Drama'];['Performing Arts', 'Showbiz'];['Shounen'];"
Shounen Jump (Weekly)";"
Matsuki, Tatsuya (Story), Usazaki, Shiro (Art)"; 54,263
287; 13; 139; Finished; Oct  23, 2017 to Feb  1, 2021;['Mystery', 'Supernatural', 'Suspense'];['Time Travel'];['Shounen'];"
Shounen Jump+";"
Tanaka, Yasuki (Story & Art)"; 57,358
288; 13; 128; Finished; Jan  22, 2018 to Jan  25, 2021;['Action', 'Fantasy'];['Historical'];['Shounen'];"
Shounen Jump+";"
Kaku, Yuuji (Story & Art)"; 177,735
289; 12; 43; Finished; Dec  6, 1997 to Sep  30, 2010;['Drama', 'Horror', 'Mystery', 'Romance', 'Supernatural'];['Psychological'];['Shoujo'];"
Nakayoshi";"
Inada, Shiho (Story & Art), Ono, Fuyumi (Story)"; 17,105
290; Unknown; Unknown; Publishing; Aug  10, 2006 to ?;['Drama', 'Fantasy', 'Romance'];;['Shoujo'];"
LaLa DX";"
Akizuki, Sorata (Story & Art)"; 73,026
291; 26; 98; Finished;  1990 to  1998;['Action'];['Delinquents', 'School'];['Shounen'];"
Shounen Champion (Monthly)";"
Takahashi, Hiroshi (Story & Art)"; 28,746
292; 9; 77; Finished; Jun  10, 2009 to Nov  16, 2011;['Action', 'Comedy', 'Drama', 'Ecchi'];['Delinquents'];['Shounen'];"
Shounen Magazine (Weekly)";"
Fujisawa, Tooru (Story & Art)"; 25,934
293; 1; 2; Finished; Dec  13, 1995;['Action', 'Drama'];;['Shoujo'];"
Betsucomi";"
Yoshida, Akimi (Story & Art)"; 4,979
294; 16; 125; Finished; Sep  26, 2009 to Feb  26, 2021;['Slice of Life'];['CGDCT', 'Iyashikei', 'School'];['Seinen'];"
Comic Alive";"
Atto (Story & Art)"; 13,260
295; 6; 41; Finished; Jul  4, 2017 to Feb  4, 2020;['Drama', 'Mystery', 'Sci-Fi'];;['Seinen'];"
Young Ace";"
Himeno, Taka (Art)"; 6,636
296; Unknown; Unknown; Publishing; Nov  24, 2015 to ?;['Boys Love', 'Slice of Life'];['Childcare'];;"
Omegaverse Project";"
Ichikawa, Ichi (Story & Art)"; 7,656
297; 1; 7; Finished; Apr  29, 2020 to Feb  10, 2021;['Boys Love', 'Drama'];['Memoir'];;"
Bunshun Online";"
Tsukizuki, Yoshi (Art), Nanasaki, Ryousuke (Story)"; 8,384
298; 21; 127; Finished; Apr  25, 2002 to Aug  25, 2016;['Comedy', 'Drama', 'Slice of Life'];['Otaku Culture', 'School'];['Seinen'];"
Afternoon";"
Kio, Shimoku (Story & Art)"; 42,862
299; 10; 66; Finished; Mar  28, 2002 to Jun  27, 2009;['Action', 'Adventure', 'Comedy', 'Drama', 'Fantasy'];;['Josei'];"
Comic ZERO-SUM";"
Minekura, Kazuya (Story & Art)"; 8,878
300; 15; 123; Finished; Nov  12, 2002 to Jul  12, 2013;['Drama', 'Romance'];['School'];['Seinen'];"
Comic Beam";"
Shimura, Takako (Story & Art)"; 31,022
301; 18; 127; Finished; Sep  25, 1997 to Jun  25, 2008;['Action', 'Drama', 'Sci-Fi', 'Suspense'];['Gore', 'Psychological'];['Seinen'];"
Afternoon";"
Endo, Hiroki (Story & Art)"; 65,798
302; 35; 178; Finished; Oct  13, 2001 to May  27, 2017;['Action', 'Adventure', 'Award Winning', 'Drama', 'Horror', 'Mystery', 'Romance', 'Sci-Fi', 'Suspense'];['Psychological', 'Survival'];['Shoujo'];"
Flowers (Monthly)";"
Tamura, Yumi (Story & Art)"; 26,136
303; 27; 82; Finished; Aug  20, 2003 to May  20, 2012;['Adventure', 'Boys Love', 'Fantasy'];['Isekai'];['Shoujo'];"
Ichiraci";"
Sugiura, Shiho (Story & Art)"; 9,537
304; 12; 108; Finished;  1990 to  1995;['Drama', 'Suspense'];['Detective', 'Organized Crime'];['Seinen'];"
Big Comic Superior";"
Ikegami, Ryouichi (Art), Buronson (Story)"; 36,662
305; 8; 36; Finished; Jul  13, 2004 to Sep  13, 2007;['Drama', 'Romance'];['Love Polygon', 'Showbiz'];['Shoujo'];"
Bessatsu Margaret";"
Kamio, Yoko (Story & Art)"; 35,125
306; 2; 28; Finished; Jun  30, 2005 to Apr  6, 2006;['Drama', 'Slice of Life'];;['Seinen'];"
Young Sunday (Weekly)";"
Asano, Inio (Story & Art)"; 127,819
307; 9; 69; Finished; Not available;['Action'];['Mecha'];['Shounen'];"
    None";"
Ishikawa, Ken (Story & Art)"; 2,886
308; 12; 212; Finished; Aug  9, 2014 to Jul  11, 2018;['Comedy', 'Romance'];['School'];['Shounen'];"
Shounen Magazine (Weekly)";"
Wakabayashi, Toshiya (Story & Art)"; 60,913
309; 16; 81; Finished; May  25, 2012 to May  22, 2019;['Comedy', 'Slice of Life'];['School'];['Shounen'];"
Shounen Sunday";"
Sakura, Jun (Story & Art)"; 31,065
310; 12; 101; Finished; Apr  28, 2014 to Feb  28, 2022;['Award Winning', 'Drama', 'Sci-Fi'];['School'];['Seinen'];"
Big Comic Spirits";"
Asano, Inio (Story & Art)"; 82,574
311; Unknown; Unknown; Publishing; Aug  18, 2018 to ?;['Fantasy', 'Girls Love'];['School'];;"
Comic Yuri Hime";"
Aono, Nachi (Story & Art)"; 14,886
312; Unknown; Unknown; Publishing; Sep  27, 2019 to ?;['Drama', 'Fantasy', 'Suspense'];['Isekai', 'Psychological', 'Time Travel'];['Seinen'];"
Comic Alive";"
Atori, Haruno (Art), Nagatsuki, Tappei (Story)"; 5,561
313; 27; 237; Finished; Mar  6, 2017 to Dec  25, 2023;['Adventure', 'Award Winning', 'Sci-Fi', 'Suspense'];['Survival'];['Shounen'];"
Shounen Jump (Weekly)";"
Inagaki, Riichiro (Story), Boichi (Art)"; 204,432
314; 10; 58; On Hiatus; Nov  5, 2016 to Jan  22, 2023;['Action', 'Fantasy'];['Adult Cast'];['Seinen'];"
Young Magazine (Monthly)";"
Satake, Kousuke (Story & Art)"; 21,527
315; Unknown; Unknown; Publishing; Jun  28, 2014 to ?;['Comedy', 'Slice of Life'];['Mahou Shoujo'];;"
Manga Time Kirara Carat";"
Ito, Izumo (Story & Art)"; 10,905
316; 11; 58; Finished; Sep  9, 2009 to May  9, 2014;['Drama', 'Romance'];['Psychological', 'School'];['Shounen'];"
Bessatsu Shounen Magazine";"
Oshimi, Shuuzou (Story & Art)"; 172,726
317; 13; 53; Finished; Apr  24, 2010 to May  23, 2015;['Award Winning', 'Drama', 'Romance'];;['Shoujo'];"
Dessert";"
Taamo (Story & Art)"; 96,862
318; 7; 86; Finished; Dec  9, 2004 to May  10, 2018;['Adventure', 'Fantasy'];;;"
Manga Time Kirara";"
Kiyuzuki, Satoko (Story & Art)"; 8,138
319; 10; 54; Finished; Apr  22, 2008 to Sep  21, 2013;['Horror', 'Mystery', 'Romance', 'Supernatural'];['School'];['Shounen'];"
Gangan Joker";"
Maybe (Story & Art)"; 49,527
320; Unknown; Unknown; Publishing; Aug  21, 2020 to ?;['Boys Love', 'Fantasy'];;;"
from RED";"
Yuno, Ichika (Story & Art)"; 4,552
321; 11; 98; Finished; May  7, 2018 to Sep  7, 2020;['Drama', 'Mystery', 'Suspense'];['Psychological'];['Seinen'];"
Comic Days";"
Inoryuu, Hajime (Story), Itou, Shouta (Art)"; 49,549
322; 18; 61; Finished; Dec  28, 1991 to Feb  3, 1997;['Award Winning', 'Drama', 'Fantasy', 'Romance'];['Mahou Shoujo'];['Shoujo'];"
Nakayoshi";"
Takeuchi, Naoko (Story & Art)"; 58,296
323; 11; 61; Finished; Aug  26, 1998 to May  25, 2011;['Action', 'Adventure', 'Drama', 'Fantasy', 'Romance'];;['Shoujo'];"
Wings";"
Ozaki, Kaori (Story & Art)"; 20,711
324; 34; 338; Finished;  1992 to  1999;['Comedy', 'Drama', 'Romance', 'Sports'];['School', 'Team Sports'];['Shounen'];"
Shounen Sunday";"
Adachi, Mitsuru (Story & Art)"; 12,982
325; 36; 306; Finished; Jun  1991 to Feb  1, 2018;['Action', 'Drama'];['Adult Cast', 'Organized Crime', 'Psychological', 'Strategy Game'];;"
Kindai Mahjong";"
Fukumoto, Nobuyuki (Story & Art)"; 14,827
326; Unknown; Unknown; Publishing; Jan  25, 2003 to ?;['Action', 'Adventure', 'Award Winning'];['Historical'];['Seinen'];"
Afternoon";"
Iwaaki, Hitoshi (Story & Art)"; 27,012
327; Unknown; Unknown; Publishing; Mar  4, 2013 to ?;['Drama', 'Mystery', 'Supernatural'];;['Seinen'];"
Young Magazine (Weekly)";"
CLAMP (Story & Art)"; 14,739
328; 12; 86; Finished; May  20, 2011 to Nov  5, 2014;['Romance'];['Love Polygon', 'School'];['Shoujo'];"
Margaret";"
Yamamori, Mika (Story & Art)"; 95,960
329; 9; 99; Finished; Jan  31, 2013 to Apr  16, 2015;['Drama'];['Historical'];['Seinen'];"
Young Jump";"
Sakamoto, Shinichi (Story & Art)"; 65,679
330; Unknown; Unknown; Publishing; Jan  8, 2021 to ?;['Girls Love', 'Slice of Life'];;['Josei'];"
Comic it";"
Yuzaki, Sakaomi (Story & Art)"; 6,913
331; 19; 176; Finished; Nov  20, 1990 to Jul  12, 1994;['Action', 'Award Winning', 'Comedy', 'Drama', 'Supernatural'];;['Shounen'];"
Shounen Jump (Weekly)";"
Togashi, Yoshihiro (Story & Art)"; 75,585
332; 24; 75; Finished; Aug  19, 1995 to Jun  20, 2003;['Boys Love', 'Fantasy', 'Supernatural'];;['Shoujo'];"
Ichiraci";"
Sugiura, Shiho (Story & Art)"; 4,686
333; 17; 155; Finished; Nov  28, 1995 to Mar  23, 1999;['Action', 'Adventure'];['Organized Crime'];['Shounen'];"
Shounen Jump (Weekly)";"
Araki, Hirohiko (Story & Art)"; 116,937
334; 1; 9; Finished; Nov  21, 2015 to Jan  21, 2017;['Boys Love', 'Slice of Life'];['Childcare'];;"
RuTile";"
Mita, Ori (Story & Art)"; 15,820
335; 8; Unknown; Finished; Jan  30, 2018 to Dec  2, 2022;['Comedy', 'Slice of Life'];['Pets'];;"
twi4";"
Nitori, Sasami (Story & Art)"; 9,191
336; 20; 203; Finished; Aug  28, 2019 to Jan  24, 2024;['Award Winning', 'Romance', 'Supernatural'];['Vampire'];['Shounen'];"
Shounen Sunday";"
Kotoyama (Story & Art)"; 104,361
337; Unknown; Unknown; Publishing; Nov  21, 2020 to ?;['Action', 'Comedy'];;['Shounen'];"
Shounen Jump (Weekly)";"
Suzuki, Yuuto (Story & Art)"; 139,789
338; 18; 93; Finished; Sep  12, 2013 to Apr  22, 2021;['Comedy', 'Supernatural'];;;"
Gangan Online";"
Wazawa, Kiri (Story & Art)"; 13,775
339; 4; 28; Finished; Sep  25, 2014 to May  25, 2017;['Award Winning', 'Slice of Life'];;;"
Monthly Action";"
Tagame, Gengorou (Story & Art)"; 14,108
340; 11; 66; Finished; Aug  24, 2011 to Jun  24, 2016;['Comedy', 'Romance'];;['Shoujo'];"
LaLa";"
Amano, Shinobu (Story & Art)"; 103,242
341; 8; 35; Finished; Jun  22, 2008 to Apr  22, 2011;['Drama', 'Horror', 'Mystery'];['Psychological'];;"
Gangan Powered";"
Suzuragi, Karin (Art), Ryukishi07 (Story)"; 10,941
342; 3; 19; Finished; Jan  12, 1998 to Aug  30, 1999;['Drama', 'Horror', 'Supernatural'];;['Seinen'];"
Big Comic Spirits";"
Itou, Junji (Story & Art)"; 242,780
343; Unknown; Unknown; Publishing; Sep  25, 2003 to ?;['Award Winning', 'Comedy', 'Sports'];['Team Sports'];['Seinen'];"
Afternoon";"
Higuchi, Asa (Story & Art)"; 10,360
344; 1; 9; Finished; Oct  20, 2004 to Jun  28, 2007;['Action', 'Drama', 'Fantasy'];;['Shoujo'];"
Wings";"
Ozaki, Kaori (Story & Art)"; 6,356
345; 2; 8; Finished; Nov  28, 2013 to Jun  28, 2014;['Action'];;['Shoujo'];"
ARIA";"
Suruga, Hikaru (Art), Sunaaku, Gan (Story)"; 54,383
346; 22; 127; Finished; Dec  19, 2012 to Jan  19, 2023;['Comedy', 'Romance'];['Love Polygon', 'School'];['Seinen'];"
Sunday Gene-X";"
Watari, Wataru (Story), Io, Naomichi (Art)"; 10,549
347; Unknown; Unknown; Publishing; Feb  14, 2018 to ?;['Comedy', 'Romance'];;['Shounen'];"
Shounen Sunday";"
Hata, Kenjirou (Story & Art)"; 89,693
348; 4; 15; Finished; Mar  9, 2018 to Jun  29, 2023;['Action', 'Mystery', 'Supernatural'];['Detective'];;"
Young Ace UP";"
Ganjii (Art)"; 8,122
349; Unknown; Unknown; Publishing; Mar  7, 2019 to ?;['Romance'];['Video Game'];;"
Ganma!";"
Mashiro (Story & Art)"; 60,662
350; 16; 168; Finished; Apr  23, 2020 to Nov  14, 2024;['Drama', 'Supernatural'];['Reincarnation', 'Showbiz'];['Seinen'];"
Young Jump";"
Akasaka, Aka (Story), Yokoyari, Mengo (Art)"; 203,324
351; 8; 62; Finished; Sep  14, 2020 to Apr  18, 2022;['Award Winning', 'Drama'];['Historical'];['Seinen'];"
Big Comic Spirits";"
Uoto (Story & Art)"; 13,995
352; 1; 2; Finished; Nov  5, 2016;['Boys Love'];;;"
    None";"
Nakamura, Asumiko (Story & Art)"; 9,524
353; 3; 13; Finished; Apr  4, 2012 to Apr  4, 2013;['Drama'];;['Shounen'];"
Jump SQ.";"
Izumi, Mitsu (Art)"; 16,798
354; Unknown; Unknown; Publishing; May  26, 2012 to ?;['Action', 'Comedy', 'Fantasy'];['Mahou Shoujo'];;"
Comp Ace";"
Hiroyama, Hiroshi (Story & Art)"; 10,779
355; 3; 12; Finished; Jun  12, 2012 to Nov  12, 2012;['Drama', 'Horror'];['Mahou Shoujo', 'School'];['Seinen'];"
    None";"
Magica Quartet (Story), Hanokage (Art)"; 17,656
356; Unknown; Unknown; Publishing; Apr  6, 2012 to ?;['Comedy', 'Slice of Life'];['Pets'];['Shoujo'];"
Hana LaLa online";"
Yugi, Iro (Story & Art)"; 11,205
357; 30; 302; Finished; Apr  27, 2005 to Jun  13, 2012;['Award Winning', 'Comedy'];['Gag Humor', 'Parody', 'School'];['Shounen'];"
Shounen Magazine (Weekly)";"
Kumeta, Kouji (Story & Art)"; 32,992
358; 15; 162; Finished; Oct  14, 1980 to Apr  6, 1987;['Comedy', 'Drama', 'Romance'];['Adult Cast'];['Seinen'];"
Big Comic Spirits";"
Takahashi, Rumiko (Story & Art)"; 19,808
359; 10; 74; Finished; Aug  21, 2003 to Jul  27, 2010;['Action', 'Horror', 'Romance', 'Supernatural'];['Vampire'];;"
Dengeki Daioh";"
Type-Moon (Story), Nasu, Kinoko (Story), Sasaki, Shonen (Story & Art)"; 43,718
360; 12; 40; Finished; Mar  15, 2003 to Feb  14, 2013;['Adventure', 'Drama', 'Fantasy', 'Romance'];['Historical', 'Isekai', 'Magical Sex Shift'];['Shoujo'];"
Sho-Comi Zoukan";"
Watase, Yuu (Story & Art)"; 13,336
361; 20; 97; Finished; Mar  26, 2007 to Feb  26, 2014;['Comedy', 'Drama', 'Romance', 'Sci-Fi', 'Ecchi'];['School'];['Shounen'];"
Shounen Ace";"
Minazuki, Suu (Story & Art)"; 45,441
362; 32; 119; Finished; Feb  6, 2003 to Mar  6, 2013;['Award Winning', 'Comedy', 'Drama'];['Racing'];['Shounen'];"
Shounen Magazine (Monthly)";"
Soda, Masahito (Story & Art)"; 5,900
363; 18; 105; Finished; Oct  24, 2002 to Nov  24, 2012;['Action', 'Drama'];['Psychological', 'School'];['Seinen'];"
Afternoon";"
Takahashi, Tsutomu (Story & Art)"; 15,033
364; 11; 104; Finished; Jun  21, 2018 to Jan  7, 2021;['Comedy', 'Romance'];['Adult Cast', 'Workplace'];['Seinen'];"
Morning";"
Yamada, Kintetsu (Story & Art)"; 46,631
365; Unknown; Unknown; Publishing; Nov  28, 2017 to ?;['Award Winning', 'Mystery'];;['Josei'];"
Flowers (Monthly)";"
Tamura, Yumi (Story & Art)"; 12,464
366; Unknown; Unknown; Publishing; Feb  18, 2019 to ?;['Girls Love'];['School'];;"
Comic Yuri Hime";"
Takeshima, Eku (Story & Art)"; 39,066
367; 10; 79; Finished; Mar  25, 2019 to May  24, 2021;['Comedy', 'Slice of Life'];;['Seinen'];"
Big Comic Spirits";"
Yatera, Keita (Story & Art)"; 13,473
368; Unknown; Unknown; Publishing; Jul  15, 2020 to ?;['Action', 'Adventure', 'Award Winning', 'Fantasy'];['Video Game'];['Shounen'];"
Shounen Magazine (Weekly)";"
Fuji, Ryousuke (Art), Katarina (Story)"; 25,652
369; 16; 81; Finished; Jun  4, 2008 to Jul  4, 2013;['Comedy', 'Supernatural'];['Mythology'];['Shounen'];"
Jump SQ.";"
Sukeno, Yoshiaki (Story & Art)"; 20,610
370; 12; 111; Finished; May  5, 2014 to Dec  18, 2017;['Action', 'Fantasy'];;;"
Ura Sunday";"
Nanao, Nanaki (Story & Art)"; 43,313
371; 1; 6; Finished; Dec  21, 2013 to Aug  20, 2014;['Boys Love', 'Slice of Life'];['School'];;"
Canna";"
Fumino, Yuki (Story & Art)"; 34,664
372; 20; 181; Finished; Aug  1, 2016 to Jun  15, 2020;['Award Winning', 'Mystery', 'Suspense'];['Psychological', 'Survival'];['Shounen'];"
Shounen Jump (Weekly)";"
Demizu, Posuka (Art), Shirai, Kaiu (Story)"; 324,570
373; 21; 108; Finished; Dec  22, 1995 to May  10, 2005;['Comedy', 'Drama', 'Romance'];['School'];['Shoujo'];"
LaLa";"
Tsuda, Masami (Story & Art)"; 40,791
374; 10; 72; Finished; Dec  12, 2001 to Feb  12, 2008;['Award Winning', 'Romance', 'Slice of Life'];['Historical'];['Seinen'];"
Comic Beam";"
Mori, Kaoru (Story & Art)"; 30,704
375; 19; 124; Finished; Jul  19, 2001 to Jan  28, 2014;['Action', 'Drama', 'Sci-Fi'];['Martial Arts'];['Seinen'];"
Ultra Jump";"
Kishiro, Yukito (Story & Art)"; 26,189
376; 15; 88; Finished; Dec  4, 2004 to Aug  20, 2009;['Comedy', 'Romance', 'Slice of Life'];;['Shoujo'];"
Hana to Yume";"
Matsuzuki, Kou (Story & Art)"; 20,213
377; 25; 210; Finished; Nov  1, 2002 to Jan  28, 2011;['Award Winning', 'Drama'];['Medical', 'Psychological'];['Seinen'];"
Big Comic Superior";"
Nagai, Akira (Story), Nogizaka, Tarou (Art)"; 13,859
378; 7; 69; Finished; Oct  20, 1987 to Mar  14, 1989;['Action', 'Adventure'];['Historical', 'Vampire'];['Shounen'];"
Shounen Jump (Weekly)";"
Araki, Hirohiko (Story & Art)"; 112,156
379; 4; 36; Finished; Dec  22, 1982 to May  16, 1985;['Award Winning', 'Drama'];['Historical', 'Military'];;"
Shuukan Bunshun";"
Tezuka, Osamu (Story & Art)"; 25,773
380; 16; 130; Finished; Mar  30, 2005 to Oct  28, 2016;['Award Winning', 'Slice of Life'];;['Seinen'];"
Young King OURs";"
Ishiguro, Masakazu (Story & Art)"; 11,043
381; 17; 100; Finished; Dec  28, 2007 to May  20, 2016;['Action', 'Adventure', 'Fantasy'];['Historical', 'Mythology'];['Shounen'];"
Blade Online";"
Mizukami, Satoshi (Story & Art)"; 20,563
382; 17; 55; Finished; May  26, 1992 to May  26, 2001;['Award Winning', 'Boys Love', 'Drama'];['Psychological'];['Shoujo'];"
Petit Flower";"
Hagio, Moto (Story & Art)"; 10,723
383; 78; 747; Finished; Jul  13, 1994 to Jul  7, 2010;['Award Winning', 'Comedy', 'Drama', 'Sports'];['Team Sports'];['Shounen'];"
Shounen Sunday";"
Mitsuda, Takuya (Story & Art)"; 7,748
384; 11; 43; Finished; Oct  20, 2006 to Mar  20, 2012;['Supernatural'];['Detective'];['Shoujo'];"
Ichiraci";"
Kaji, Eiri (Story & Art)"; 11,374
385; 17; 103; Finished; Sep  24, 2004 to Mar  18, 2022;['Comedy', 'Drama', 'Romance', 'Slice of Life'];['School'];['Shounen'];"
GFantasy";"
Hotta, Kiichi (Story & Art)"; 11,911
386; Unknown; Unknown; Publishing; Jan  25, 2018 to ?;['Adventure', 'Mystery', 'Sci-Fi'];;['Seinen'];"
Afternoon";"
Ishiguro, Masakazu (Story & Art)"; 40,069
387; Unknown; Unknown; Publishing; Aug  17, 2018 to ?;['Girls Love'];;;"
MangaONE";"
Tamifull (Story & Art)"; 21,591
388; 1; 4; Finished; Jul  22, 2008 to Jan  20, 2009;['Slice of Life'];['Pets'];['Seinen'];"
Manga Action";"
Murakami, Takashi (Story & Art)"; 21,113
389; 11; 93; Finished; Apr  30, 2010 to May  30, 2018;['Romance', 'Slice of Life'];['School'];['Seinen'];"
Young King OURs";"
Miyahara, Ruri (Story & Art)"; 45,183
390; 23; 207; Finished; Feb  15, 2016 to May  18, 2020;['Action', 'Fantasy'];['Historical'];['Shounen'];"
Shounen Jump (Weekly)";"
Gotouge, Koyoharu (Story & Art)"; 472,910
391; 12; 63; Finished; Feb  7, 2013 to Dec  7, 2018;['Comedy', 'Gourmet', 'Slice of Life'];['Childcare', 'Iyashikei'];['Seinen'];"
good! Afternoon";"
Amagakure, Gido (Story & Art)"; 26,845
392; 8; 40; Finished; Dec  26, 2003 to Apr  26, 2007;['Comedy', 'Drama', 'Romance'];['Otaku Culture', 'Psychological'];['Shounen'];"
Shounen Ace";"
Ooiwa, Kenji (Art), Takimoto, Tatsuhiko (Story)"; 61,505
393; 8; 48; Finished; May  2, 2001 to Oct  4, 2003;['Boys Love', 'Horror', 'Mystery', 'Supernatural'];['Historical'];['Shoujo'];"
Hana to Yume";"
Yuki, Kaori (Story & Art)"; 20,657
394; 35; 193; Finished; Feb  26, 1985 to Nov  19, 1991;['Adventure', 'Comedy'];['Detective'];['Shounen'];"
Shounen Jump (Weekly)";"
Hojo, Tsukasa (Story & Art)"; 17,591
395; 9; 54; Finished; Feb  1, 2006 to Mar  5, 2009;['Comedy', 'Drama', 'Romance', 'Supernatural'];['Historical', 'Reincarnation'];['Shoujo'];"
Hana to Yume";"
Kusanagi, Mizuho (Story & Art)"; 12,527
396; 28; 250; Finished; Feb  23, 2009 to Mar  13, 2015;['Action', 'Comedy', 'Supernatural'];['Childcare', 'Delinquents', 'Mythology', 'School'];['Shounen'];"
Shounen Jump (Weekly)";"
Tamura, Ryuuhei (Story & Art)"; 119,354
397; Unknown; Unknown; Publishing; Apr  30, 2011 to ?;['Fantasy', 'Slice of Life'];['Iyashikei'];['Seinen'];"
Harta";"
Kashiki, Takuto (Story & Art)"; 9,498
398; 13; 53; Finished; Jan  13, 2011 to Feb  13, 2015;['Romance'];['School'];['Shoujo'];"
Bessatsu Margaret";"
Sakisaka, Io (Story & Art)"; 198,599
399; 11; 55; Finished; May  27, 2015 to Sep  27, 2019;['Drama', 'Fantasy', 'Suspense'];['Isekai', 'Psychological', 'Time Travel'];['Seinen'];"
Comic Alive";"
Matsuse, Daichi (Art), Nagatsuki, Tappei (Story)"; 12,944
